Released,"175 days, 0:00:00"
In-Progress,"159 days, 13:23:01.284000"
Completed,"127 days, 11:43:01.373000"
Idea,"590 days, 21:48:39.949000"
Defined,"58 days, 16:00:00"
Accepted,"216 days, 23:42:36.235000"
